{
  "resourceType" : "Observation",
  "id" : "pcoCareTradeOffBurdensomeWaterPill",
  "meta" : {
    "profile" : ["http://hl7.org/fhir/us/pco/StructureDefinition/pco-care-tradeoff"]
  },
  "text" : {
    "status" : "generated",
    "div" : "<div xmlns=\"http://www.w3.org/1999/xhtml\"><p class=\"res-header-id\"><b>Generated Narrative: Observation pcoCareTradeOffBurdensomeWaterPill</b></p><a name=\"pcoCareTradeOffBurdensomeWaterPill\"> </a><a name=\"hcpcoCareTradeOffBurdensomeWaterPill\"> </a><a name=\"pcoCareTradeOffBurdensomeWaterPill-en-US\"> </a><p><b>status</b>: Final</p><p><b>category</b>: <span title=\"Codes:{http://terminology.hl7.org/CodeSystem/observation-category survey}\">Survey</span></p><p><b>code</b>: <span title=\"Codes:{http://hl7.org/fhir/us/pco/CodeSystem/pco-care-tradeoff-choice-codes burdensome-care}\">Burdensome</span></p><p><b>subject</b>: <a href=\"Patient-pcoPatientJones.html\">Dorothy Jones  Female, DoB: 1947-11-25 ( http://example.org#ee8d4ac0-545c-4501-8d7e-646bfbda1db5\u00a0(use:\u00a0official,\u00a0))</a></p><p><b>focus</b>: <a href=\"Goal-pcoGoalWalkDogExample.html\">Goal: extension = ,,,,; lifecycleStatus = active; achievementStatus = In Progress; category = What Matters,Physical Function; description = ; start[x] = 2024-04-03</a></p><p><b>effective</b>: 2024-04-10 15:05:00+0000</p><p><b>performer</b>: <a href=\"Patient-pcoPatientJones.html\">Dorothy Jones  Female, DoB: 1947-11-25 ( http://example.org#ee8d4ac0-545c-4501-8d7e-646bfbda1db5\u00a0(use:\u00a0official,\u00a0))</a></p><p><b>value</b>: <span title=\"Codes:{http://snomed.info/sct 422979000}\">Water pill</span></p><p><b>note</b>: Have to go to the bathroom too often</p></div>"
  },
  "status" : "final",
  "category" : [{
    "coding" : [{
      "system" : "http://terminology.hl7.org/CodeSystem/observation-category",
      "code" : "survey"
    }]
  }],
  "code" : {
    "coding" : [{
      "system" : "http://hl7.org/fhir/us/pco/CodeSystem/pco-care-tradeoff-choice-codes",
      "code" : "burdensome-care",
      "display" : "Burdensome"
    }]
  },
  "subject" : {
    "reference" : "Patient/pcoPatientJones"
  },
  "focus" : [{
    "reference" : "Goal/pcoGoalWalkDogExample"
  }],
  "effectiveDateTime" : "2024-04-10T15:05:00Z",
  "performer" : [{
    "reference" : "Patient/pcoPatientJones"
  }],
  "valueCodeableConcept" : {
    "coding" : [{
      "system" : "http://snomed.info/sct",
      "code" : "422979000",
      "display" : "Medication regimen behavior finding"
    }],
    "text" : "Water pill"
  },
  "note" : [{
    "text" : "Have to go to the bathroom too often"
  }]
}