{
  "resourceType" : "Observation",
  "id" : "pcoWhatMattersPriorityExample",
  "meta" : {
    "profile" : ["http://hl7.org/fhir/us/pco/StructureDefinition/pco-what-matters-priority"]
  },
  "text" : {
    "status" : "generated",
    "div" : "<div xmlns=\"http://www.w3.org/1999/xhtml\"><p class=\"res-header-id\"><b>Generated Narrative: Observation pcoWhatMattersPriorityExample</b></p><a name=\"pcoWhatMattersPriorityExample\"> </a><a name=\"hcpcoWhatMattersPriorityExample\"> </a><a name=\"pcoWhatMattersPriorityExample-en-US\"> </a><p><b>status</b>: Final</p><p><b>category</b>: <span title=\"Codes:{http://hl7.org/fhir/us/pco/CodeSystem/pco-concepts what-matters}\">What Matters</span>, <span title=\"Codes:{http://terminology.hl7.org/CodeSystem/observation-category survey}\">Survey</span></p><p><b>code</b>: <span title=\"Codes:{http://hl7.org/fhir/us/pco/CodeSystem/va-whole-health-example body}\">Moving the Body</span></p><p><b>subject</b>: <a href=\"Patient-pcoPatientJones.html\">Dorothy Jones  Female, DoB: 1947-11-25 ( http://example.org#ee8d4ac0-545c-4501-8d7e-646bfbda1db5\u00a0(use:\u00a0official,\u00a0))</a></p><p><b>effective</b>: 2024-03-27 15:05:00+0000</p><p><b>performer</b>: <a href=\"Patient-pcoPatientJones.html\">Dorothy Jones  Female, DoB: 1947-11-25 ( http://example.org#ee8d4ac0-545c-4501-8d7e-646bfbda1db5\u00a0(use:\u00a0official,\u00a0))</a></p><p><b>value</b>: true</p></div>"
  },
  "status" : "final",
  "category" : [{
    "coding" : [{
      "system" : "http://hl7.org/fhir/us/pco/CodeSystem/pco-concepts",
      "code" : "what-matters",
      "display" : "What Matters"
    }]
  },
  {
    "coding" : [{
      "system" : "http://terminology.hl7.org/CodeSystem/observation-category",
      "code" : "survey"
    }]
  }],
  "code" : {
    "coding" : [{
      "system" : "http://hl7.org/fhir/us/pco/CodeSystem/va-whole-health-example",
      "code" : "body",
      "display" : "Moving the Body"
    }]
  },
  "subject" : {
    "reference" : "Patient/pcoPatientJones"
  },
  "effectiveDateTime" : "2024-03-27T15:05:00Z",
  "performer" : [{
    "reference" : "Patient/pcoPatientJones"
  }],
  "valueBoolean" : true
}